gid,circuit_id,municipality,vertices_wgs84,vertex_count,centroid_lat,centroid_lon
1926,G_DU_RM_CL_103      ,G ,"-34.838653 -56.201178, -34.839263 -56.200072, -34.838142 -56.199088, -34.837166 -56.200768, -34.837151 -56.201141, -34.833804 -56.206776, -34.832125 -56.209768, -34.833101 -56.210565, -34.832235 -56.212051, -34.829871 -56.216019, -34.827525 -56.220038, -34.831948 -56.221119, -34.834556 -56.221628, -34.839079 -56.213917, -34.841924 -56.209095, -34.845228 -56.203595, -34.842578 -56.201378, -34.838653 -56.201178",18,-34.836278,-56.208299
2442,A_DU_RM_CL_202      ,A ,"-34.884976 -56.252000, -34.885398 -56.255187, -34.886733 -56.254875, -34.886864 -56.255788, -34.884440 -56.256363, -34.884990 -56.260590, -34.886378 -56.260332, -34.886587 -56.259560, -34.886978 -56.259159, -34.888333 -56.257765, -34.889568 -56.258077, -34.890290 -56.254844, -34.891797 -56.254527, -34.891961 -56.255507, -34.892441 -56.256322, -34.894004 -56.255661, -34.894267 -56.256427, -34.894695 -56.256214, -34.893921 -56.254135, -34.895685 -56.253804, -34.894982 -56.248722, -34.887747 -56.250149, -34.887904 -56.251451, -34.884976 -56.252000",24,-34.889413,-56.255394
2406,G_DU_RM_CL_109      ,G ,"-34.841466 -56.196410, -34.844358 -56.191750, -34.847236 -56.188726, -34.846527 -56.187598, -34.845957 -56.186844, -34.844823 -56.189289, -34.844458 -56.189608, -34.843274 -56.191245, -34.841934 -56.193657, -34.840732 -56.195731, -34.841466 -56.196410",11,-34.843839,-56.19157
2428,CH_DU_RM_CL_110     ,CH,"-34.895031 -56.164953, -34.895031 -56.164953, -34.902263 -56.164150, -34.902302 -56.164004, -34.902622 -56.162738, -34.902833 -56.161369, -34.898692 -56.158435, -34.897802 -56.157919, -34.896932 -56.158732, -34.895039 -56.159173, -34.894229 -56.159153, -34.892120 -56.158511, -34.892035 -56.158786, -34.893990 -56.162657, -34.895031 -56.164953",15,-34.897064,-56.161366
2430,CH_DU_RM_CL_117     ,CH,"-34.888815 -56.147598, -34.895547 -56.143183, -34.894397 -56.139191, -34.888411 -56.141561, -34.888315 -56.141382, -34.886809 -56.141977, -34.887592 -56.144533, -34.888815 -56.147598",8,-34.889838,-56.143378
2431,CH_DU_RM_CL_118     ,CH,"-34.886809 -56.141977, -34.888315 -56.141382, -34.888411 -56.141561, -34.894397 -56.139191, -34.894368 -56.139074, -34.893817 -56.135420, -34.893026 -56.129836, -34.886581 -56.137955, -34.886723 -56.141340, -34.886809 -56.141977",10,-34.889926,-56.138971
2432,CH_DU_RM_CL_122     ,CH,"-34.916462 -56.148783, -34.917560 -56.148716, -34.917555 -56.148696, -34.916464 -56.148763, -34.916462 -56.148783",5,-34.916901,-56.148748
2412,CH_DU_RM_CL_107     ,CH,"-34.909414 -56.150694, -34.912918 -56.147389, -34.910482 -56.144660, -34.909239 -56.142725, -34.909498 -56.140562, -34.908620 -56.140331, -34.908518 -56.141422, -34.907983 -56.144779, -34.905289 -56.147379, -34.906855 -56.149388, -34.906855 -56.149388, -34.906863 -56.149568, -34.907369 -56.149603, -34.907846 -56.149500, -34.908442 -56.149673, -34.909414 -56.150694",16,-34.908475,-56.146735
2420,CH_DU_RM_CL_121     ,CH,"-34.882378 -56.159542, -34.887341 -56.154024, -34.887746 -56.153798, -34.887960 -56.153872, -34.888133 -56.153715, -34.888307 -56.153392, -34.890498 -56.151781, -34.890152 -56.150767, -34.888815 -56.147598, -34.881997 -56.152465, -34.881997 -56.152465, -34.881073 -56.153414, -34.879832 -56.154800, -34.879305 -56.155247, -34.881311 -56.158235, -34.882378 -56.159542",16,-34.884951,-56.154041
2423,CH_DU_RM_CL_113     ,CH,"-34.896042 -56.146606, -34.902782 -56.145717, -34.902710 -56.144845, -34.902472 -56.143410, -34.901212 -56.138473, -34.900527 -56.138782, -34.898216 -56.140774, -34.897459 -56.141549, -34.895547 -56.143183, -34.896135 -56.145561, -34.896042 -56.146606",11,-34.899013,-56.143228
2424,CH_DU_RM_CL_114     ,CH,"-34.895547 -56.143183, -34.897459 -56.141549, -34.898216 -56.140774, -34.900527 -56.138782, -34.901212 -56.138473, -34.900689 -56.136810, -34.899861 -56.134618, -34.899483 -56.133599, -34.899477 -56.133109, -34.895573 -56.134414, -34.895635 -56.134754, -34.893817 -56.135420, -34.894368 -56.139074, -34.894397 -56.139191, -34.894397 -56.139191, -34.895547 -56.143183",16,-34.897263,-56.137883
2434,B_DU_RM_CL_02       ,B ,"-34.911015 -56.199187, -34.913299 -56.191487, -34.911574 -56.191305, -34.911710 -56.189113, -34.899235 -56.190439, -34.899281 -56.191175, -34.899381 -56.191966, -34.899725 -56.196449, -34.899770 -56.197094, -34.906280 -56.196455, -34.906328 -56.197297, -34.910718 -56.196843, -34.911015 -56.199187",13,-34.906102,-56.194461
2435,B_DU_RM_CL_03       ,B ,"-34.913299 -56.191487, -34.913299 -56.191487, -34.913823 -56.190481, -34.914756 -56.188725, -34.915248 -56.187659, -34.915489 -56.186857, -34.915548 -56.186413, -34.915656 -56.185502, -34.915569 -56.184300, -34.915490 -56.183698, -34.906633 -56.184985, -34.906742 -56.186831, -34.905632 -56.186950, -34.905487 -56.185295, -34.904688 -56.183138, -34.902879 -56.184124, -34.900621 -56.178378, -34.896831 -56.180588, -34.895823 -56.181985, -34.898529 -56.186969, -34.898997 -56.187370, -34.899086 -56.187885, -34.899235 -56.190439, -34.911710 -56.189113, -34.911574 -56.191305, -34.913299 -56.191487",26,-34.907921,-56.186671
2440,B_DU_RM_CL_07       ,B ,"-34.906041 -56.174899, -34.907204 -56.174797, -34.909979 -56.174567, -34.914374 -56.173926, -34.914588 -56.171055, -34.914803 -56.170208, -34.912967 -56.169876, -34.912334 -56.169141, -34.911704 -56.168797, -34.911482 -56.166121, -34.914183 -56.165850, -34.914017 -56.163661, -34.913637 -56.163096, -34.913625 -56.162913, -34.910987 -56.163199, -34.911082 -56.162912, -34.904565 -56.163667, -34.905458 -56.174795, -34.906041 -56.174899",19,-34.911004,-56.168862
2433,B_DU_RM_CL_01       ,B ,"-34.906280 -56.196455, -34.899770 -56.197094, -34.899974 -56.197718, -34.900646 -56.199711, -34.900998 -56.200263, -34.901446 -56.201621, -34.901755 -56.202817, -34.902357 -56.204996, -34.902581 -56.205712, -34.902894 -56.206173, -34.903361 -56.206742, -34.903544 -56.207019, -34.904874 -56.211155, -34.906322 -56.215099, -34.906438 -56.215231, -34.906605 -56.215189, -34.909090 -56.214174, -34.909730 -56.214191, -34.910244 -56.213960, -34.910679 -56.213365, -34.911257 -56.212392, -34.911487 -56.211996, -34.911638 -56.211427, -34.911779 -56.210729, -34.911816 -56.210065, -34.911726 -56.209314, -34.911594 -56.208697, -34.910884 -56.206699, -34.910453 -56.205391, -34.910257 -56.204300, -34.910182 -56.202985, -34.910336 -56.201877, -34.911015 -56.199187, -34.910718 -56.196843, -34.906328 -56.197297, -34.906280 -56.196455",36,-34.907148,-56.206232
2439,B_DU_RM_CL_06       ,B ,"-34.906041 -56.174899, -34.905458 -56.174795, -34.904624 -56.163826, -34.902302 -56.164004, -34.902263 -56.164150, -34.895031 -56.164953, -34.898248 -56.166585, -34.898248 -56.166585, -34.902514 -56.177584, -34.905842 -56.175814, -34.906041 -56.174899",11,-34.902419,-56.169827
1726,A_DU_RM_CL_112      ,A ,"-34.853253 -56.264797, -34.854014 -56.263067, -34.855842 -56.259230, -34.856503 -56.257680, -34.856635 -56.256271, -34.855836 -56.255973, -34.854278 -56.259583, -34.853206 -56.261579, -34.852004 -56.261146, -34.851170 -56.260951, -34.850203 -56.260838, -34.847876 -56.261586, -34.848958 -56.269545, -34.847361 -56.270099, -34.847640 -56.272037, -34.845197 -56.272848, -34.839646 -56.274583, -34.839819 -56.275054, -34.843185 -56.278935, -34.842408 -56.279896, -34.851349 -56.290350, -34.852478 -56.286119, -34.853126 -56.282825, -34.853151 -56.279644, -34.852485 -56.272318, -34.852306 -56.271313, -34.852346 -56.268051, -34.853253 -56.264797",28,-34.850555,-56.268968
1791,E_DU_RM_CL_103      ,E ,"-34.874084 -56.138856, -34.882133 -56.128640, -34.881847 -56.126982, -34.877186 -56.125700, -34.877647 -56.122534, -34.876980 -56.122296, -34.873197 -56.122428, -34.872619 -56.122575, -34.873356 -56.125891, -34.873480 -56.129616, -34.873582 -56.132194, -34.871443 -56.135252, -34.872255 -56.135973, -34.872879 -56.136758, -34.874084 -56.138856",15,-34.875118,-56.129637
1547,A_DU_RM_CL_105      ,A ,"-34.864729 -56.240465, -34.868518 -56.244771, -34.869124 -56.244024, -34.867178 -56.241620, -34.867822 -56.240853, -34.867680 -56.240709, -34.868515 -56.239721, -34.859807 -56.229191, -34.859009 -56.228325, -34.854922 -56.234118, -34.852538 -56.238447, -34.852350 -56.238865, -34.854277 -56.240530, -34.856188 -56.242045, -34.857086 -56.242643, -34.857518 -56.242594, -34.860258 -56.239638, -34.860979 -56.240445, -34.861615 -56.239680, -34.862623 -56.240991, -34.863000 -56.240526, -34.863916 -56.241576, -34.864729 -56.240465",23,-34.861495,-56.239663
1606,E_DU_RM_CL_101      ,E ,"-34.878046 -56.145752, -34.881997 -56.152465, -34.888815 -56.147598, -34.887592 -56.144533, -34.886809 -56.141977, -34.886723 -56.141340, -34.886581 -56.137955, -34.886684 -56.135642, -34.886684 -56.135642, -34.885722 -56.135470, -34.883971 -56.136822, -34.883019 -56.138825, -34.882263 -56.140028, -34.882126 -56.139897, -34.881748 -56.140212, -34.880711 -56.141087, -34.879581 -56.142021, -34.878499 -56.142925, -34.877905 -56.143423, -34.877089 -56.144113, -34.878046 -56.145752",21,-34.882886,-56.141594
1686,A_DU_RM_CL_116      ,A ,"-34.838838 -56.275431, -34.839819 -56.275054, -34.839646 -56.274583, -34.845197 -56.272848, -34.843022 -56.266452, -34.840435 -56.267560, -34.838452 -56.266365, -34.840850 -56.259011, -34.842296 -56.259898, -34.842347 -56.261098, -34.844441 -56.261113, -34.847791 -56.257761, -34.848192 -56.256440, -34.846877 -56.254040, -34.844143 -56.254036, -34.842662 -56.256255, -34.842414 -56.256244, -34.839777 -56.260142, -34.839954 -56.260337, -34.839038 -56.261741, -34.838474 -56.263815, -34.836379 -56.261556, -34.835837 -56.260765, -34.832581 -56.257383, -34.832218 -56.256665, -34.828003 -56.260614, -34.830309 -56.264029, -34.831075 -56.265102, -34.831246 -56.264641, -34.831354 -56.262957, -34.833838 -56.259374, -34.835322 -56.260952, -34.836081 -56.262067, -34.837953 -56.263877, -34.837971 -56.264973, -34.837669 -56.264832, -34.835191 -56.264293, -34.834382 -56.263935, -34.833556 -56.264295, -34.833184 -56.264950, -34.833100 -56.265303, -34.833129 -56.266581, -34.833130 -56.268279, -34.833860 -56.269683, -34.829697 -56.270004, -34.828267 -56.269200, -34.828041 -56.269264, -34.827061 -56.270947, -34.829229 -56.273110, -34.828314 -56.274796, -34.832108 -56.277685, -34.832692 -56.275951, -34.832086 -56.275308, -34.833162 -56.273672, -34.834473 -56.275658, -34.833904 -56.277093, -34.837953 -56.280095, -34.837383 -56.281211, -34.838520 -56.282175, -34.838860 -56.281394, -34.838578 -56.281088, -34.839584 -56.278876, -34.837948 -56.277851, -34.838838 -56.275431",64,-34.836543,-56.267158
1788,E_DU_RM_CL_107      ,E ,"-34.883461 -56.112137, -34.882306 -56.109041, -34.882219 -56.108394, -34.882252 -56.107677, -34.882796 -56.106444, -34.883623 -56.105728, -34.884355 -56.105351, -34.884328 -56.103344, -34.885813 -56.103369, -34.885927 -56.100427, -34.884871 -56.095386, -34.881469 -56.097891, -34.879073 -56.099991, -34.874510 -56.103366, -34.870132 -56.107121, -34.869970 -56.107602, -34.869894 -56.108129, -34.869916 -56.108465, -34.870295 -56.111395, -34.870453 -56.112775, -34.871034 -56.115320, -34.871240 -56.115947, -34.876182 -56.112039, -34.878071 -56.111129, -34.881008 -56.111504, -34.881344 -56.112201, -34.883461 -56.112137",27,-34.878519,-56.107567
1789,E_DU_RM_CL_102      ,E ,"-34.877089 -56.144113, -34.879581 -56.142021, -34.882126 -56.139897, -34.882263 -56.140028, -34.883019 -56.138825, -34.883971 -56.136822, -34.885722 -56.135470, -34.886684 -56.135642, -34.886914 -56.125574, -34.882228 -56.125045, -34.881847 -56.125929, -34.881847 -56.126982, -34.882133 -56.128640, -34.874084 -56.138856, -34.875074 -56.140581, -34.877089 -56.144113",16,-34.881354,-56.135534
1790,E_DU_RM_CL_110      ,E ,"-34.870132 -56.107121, -34.874510 -56.103366, -34.879073 -56.099991, -34.881469 -56.097891, -34.884871 -56.095386, -34.883433 -56.090090, -34.883292 -56.084664, -34.883025 -56.083529, -34.881710 -56.083691, -34.880640 -56.084269, -34.879224 -56.085611, -34.877037 -56.083662, -34.877597 -56.082682, -34.876166 -56.081867, -34.869897 -56.080575, -34.872389 -56.094383, -34.872343 -56.097481, -34.872313 -56.098508, -34.872186 -56.099531, -34.871626 -56.102886, -34.870872 -56.104775, -34.870132 -56.107121",22,-34.876543,-56.09314
1806,E_DU_RM_CL_112      ,E ,"-34.883025 -56.083529, -34.885539 -56.082669, -34.887044 -56.085575, -34.890842 -56.085517, -34.890846 -56.086469, -34.895387 -56.086433, -34.895223 -56.085403, -34.895212 -56.085077, -34.895270 -56.084757, -34.895332 -56.084507, -34.895412 -56.084356, -34.895521 -56.084214, -34.895661 -56.084104, -34.896582 -56.083567, -34.897734 -56.082881, -34.898137 -56.082652, -34.898482 -56.082514, -34.899222 -56.082387, -34.899475 -56.082293, -34.899739 -56.081988, -34.899857 -56.081601, -34.899840 -56.081257, -34.899685 -56.080915, -34.898079 -56.078428, -34.897033 -56.076688, -34.896889 -56.075532, -34.896796 -56.075105, -34.896805 -56.074263, -34.896916 -56.073469, -34.896994 -56.073154, -34.890700 -56.073048, -34.889769 -56.072577, -34.889383 -56.073272, -34.889511 -56.073716, -34.888717 -56.074416, -34.888131 -56.074751, -34.888203 -56.074917, -34.887041 -56.075511, -34.886964 -56.075298, -34.885794 -56.075878, -34.881175 -56.078256, -34.883025 -56.083529",42,-34.893262,-56.079916
1814,E_DU_RM_CL_104      ,E ,"-34.897571 -56.124595, -34.896104 -56.121892, -34.896266 -56.121723, -34.894837 -56.118944, -34.893625 -56.119588, -34.893913 -56.120232, -34.890740 -56.122352, -34.890852 -56.122548, -34.890009 -56.123123, -34.889877 -56.122925, -34.888103 -56.124063, -34.886975 -56.123692, -34.886914 -56.125574, -34.886684 -56.135642, -34.886581 -56.137955, -34.893026 -56.129836, -34.895199 -56.127109, -34.897571 -56.124595",18,-34.891936,-56.124799
2418,E_DU_RM_CL_109      ,E ,"-34.897571 -56.124595, -34.897633 -56.124535, -34.899724 -56.122356, -34.899521 -56.122099, -34.898897 -56.121171, -34.898137 -56.119716, -34.897331 -56.118124, -34.897190 -56.117781, -34.896302 -56.118436, -34.896108 -56.118072, -34.894837 -56.118944, -34.896266 -56.121723, -34.896104 -56.121892, -34.897571 -56.124595",14,-34.897371,-56.121003
2419,CH_DU_RM_CL_120     ,CH,"-34.886162 -56.163734, -34.889396 -56.160094, -34.891051 -56.155612, -34.891436 -56.155565, -34.890498 -56.151781, -34.888307 -56.153392, -34.888133 -56.153715, -34.887960 -56.153872, -34.887746 -56.153798, -34.887341 -56.154024, -34.882378 -56.159542, -34.885396 -56.163196, -34.886162 -56.163734",13,-34.887843,-56.157082
2422,CH_DU_RM_CL_112     ,CH,"-34.898457 -56.152657, -34.903063 -56.151866, -34.902983 -56.148695, -34.902782 -56.145717, -34.896042 -56.146606, -34.895852 -56.147437, -34.894059 -56.149954, -34.893500 -56.151119, -34.893666 -56.151239, -34.895616 -56.151107, -34.896233 -56.151369, -34.896760 -56.151354, -34.898345 -56.152221, -34.898457 -56.152657",14,-34.897558,-56.150285
1807,E_DU_RM_CL_113      ,E ,"-34.881175 -56.078256, -34.885794 -56.075878, -34.886964 -56.075298, -34.887041 -56.075511, -34.888203 -56.074917, -34.888131 -56.074751, -34.888717 -56.074416, -34.889511 -56.073716, -34.889383 -56.073272, -34.889769 -56.072577, -34.890700 -56.073048, -34.890793 -56.072310, -34.886399 -56.059433, -34.877707 -56.062780, -34.878269 -56.069293, -34.878519 -56.070485, -34.881175 -56.078256",17,-34.885779,-56.0726
1808,E_DU_RM_CL_114      ,E ,"-34.890700 -56.073048, -34.896994 -56.073154, -34.897254 -56.072452, -34.897704 -56.071704, -34.897966 -56.071201, -34.898173 -56.070607, -34.898265 -56.070175, -34.898284 -56.069515, -34.898345 -56.068685, -34.898638 -56.067847, -34.898875 -56.067257, -34.899049 -56.066746, -34.899177 -56.066094, -34.899215 -56.065459, -34.899083 -56.064896, -34.898767 -56.064166, -34.897234 -56.062461, -34.896298 -56.061410, -34.895355 -56.060407, -34.894970 -56.060123, -34.894456 -56.059772, -34.893736 -56.058953, -34.893060 -56.058105, -34.892664 -56.057507, -34.892166 -56.056696, -34.891581 -56.056101, -34.891540 -56.055830, -34.886147 -56.058353, -34.890793 -56.072310, -34.890700 -56.073048",30,-34.895573,-56.065136
1846,D_DU_RM_CL_103      ,D ,"-34.872183 -56.142970, -34.875074 -56.140581, -34.874084 -56.138856, -34.872879 -56.136758, -34.872255 -56.135973, -34.871443 -56.135252, -34.865957 -56.134107, -34.865744 -56.135349, -34.866483 -56.135543, -34.865945 -56.138820, -34.867428 -56.139224, -34.868638 -56.139438, -34.869614 -56.138816, -34.869901 -56.139012, -34.872183 -56.142970",15,-34.869987,-56.138245
1851,D_DU_RM_CL_101      ,D ,"-34.879305 -56.155247, -34.879832 -56.154800, -34.881073 -56.153414, -34.881997 -56.152465, -34.881997 -56.152465, -34.878046 -56.145752, -34.876588 -56.146989, -34.876639 -56.147060, -34.870983 -56.151797, -34.871215 -56.152232, -34.871206 -56.155856, -34.872316 -56.157030, -34.876676 -56.151309, -34.879305 -56.155247",14,-34.876941,-56.152262
1887,D_DU_RM_CL_107      ,D ,"-34.860439 -56.151121, -34.861923 -56.151525, -34.863180 -56.150893, -34.863011 -56.150639, -34.861686 -56.148891, -34.860934 -56.149534, -34.859974 -56.147887, -34.860811 -56.147199, -34.858533 -56.143626, -34.858348 -56.143776, -34.855329 -56.144264, -34.853387 -56.144406, -34.850917 -56.148401, -34.857738 -56.150388, -34.860439 -56.151121",15,-34.85911,-56.148245
1889,D_DU_RM_CL_108      ,D ,"-34.863092 -56.169014, -34.867003 -56.163941, -34.865732 -56.161195, -34.864681 -56.159335, -34.861767 -56.155756, -34.861248 -56.156540, -34.861125 -56.157346, -34.859023 -56.159809, -34.856740 -56.163934, -34.863092 -56.169014",10,-34.86235,-56.161589
1927,G_DU_RM_CL_104      ,G ,"-34.836684 -56.192811, -34.835086 -56.195071, -34.831689 -56.200710, -34.827966 -56.200590, -34.827891 -56.201766, -34.829437 -56.203261, -34.826234 -56.208807, -34.826063 -56.209550, -34.819954 -56.220091, -34.820463 -56.220066, -34.826136 -56.219740, -34.827139 -56.219948, -34.827525 -56.220038, -34.829871 -56.216019, -34.832235 -56.212051, -34.833101 -56.210565, -34.832125 -56.209768, -34.833804 -56.206776, -34.837151 -56.201141, -34.837166 -56.200768, -34.838142 -56.199088, -34.839263 -56.200072, -34.841015 -56.197167, -34.836684 -56.192811",24,-34.831368,-56.206611
1928,G_DU_RM_CL_105      ,G ,"-34.833379 -56.189411, -34.833519 -56.189102, -34.831267 -56.186864, -34.824725 -56.197888, -34.825049 -56.198975, -34.824260 -56.200348, -34.824544 -56.200367, -34.820777 -56.206940, -34.820375 -56.207008, -34.819912 -56.207979, -34.819959 -56.208422, -34.817522 -56.212814, -34.813238 -56.210012, -34.812154 -56.212383, -34.816162 -56.215054, -34.813111 -56.220498, -34.819954 -56.220091, -34.826063 -56.209550, -34.826234 -56.208807, -34.829437 -56.203261, -34.827891 -56.201766, -34.827966 -56.200590, -34.831689 -56.200710, -34.835086 -56.195071, -34.836684 -56.192811, -34.833379 -56.189411",26,-34.824782,-56.203313
1966,G_DU_RM_CL_101      ,G ,"-34.847242 -56.188731, -34.847242 -56.188731, -34.844358 -56.191750, -34.841466 -56.196410, -34.840979 -56.197212, -34.839263 -56.200072, -34.838653 -56.201178, -34.842578 -56.201378, -34.845228 -56.203595, -34.847068 -56.207441, -34.847882 -56.205941, -34.848361 -56.206334, -34.848100 -56.206771, -34.849952 -56.208435, -34.849468 -56.209224, -34.851567 -56.211026, -34.853136 -56.208115, -34.853444 -56.208532, -34.852154 -56.206961, -34.851385 -56.204662, -34.850375 -56.201678, -34.852105 -56.199355, -34.854597 -56.200723, -34.855109 -56.202167, -34.855867 -56.202617, -34.856553 -56.203118, -34.856177 -56.202825, -34.856047 -56.202605, -34.855516 -56.202367, -34.855149 -56.202104, -34.854963 -56.201663, -34.854629 -56.200802, -34.854389 -56.200361, -34.853839 -56.200167, -34.852942 -56.199777, -34.852447 -56.199471, -34.852206 -56.199075, -34.851944 -56.198058, -34.851791 -56.197018, -34.851567 -56.196245, -34.851069 -56.195607, -34.850299 -56.195171, -34.849275 -56.194915, -34.848671 -56.194744, -34.847808 -56.194110, -34.847184 -56.193695, -34.846761 -56.193189, -34.846538 -56.192615, -34.846496 -56.191862, -34.846583 -56.191153, -34.847430 -56.189438, -34.847482 -56.189083, -34.847242 -56.188731",53,-34.849822,-56.199415
1810,E_DU_RM_CL_115      ,E ,"-34.869814 -56.052143, -34.868500 -56.058177, -34.869600 -56.059115, -34.871489 -56.058339, -34.876001 -56.057847, -34.876025 -56.058229, -34.877351 -56.058050, -34.876099 -56.045264, -34.875353 -56.038592, -34.874321 -56.038223, -34.874178 -56.036663, -34.872693 -56.037024, -34.872345 -56.037356, -34.872176 -56.038218, -34.872163 -56.038825, -34.870581 -56.041973, -34.869646 -56.041954, -34.868653 -56.042551, -34.868659 -56.049660, -34.869814 -56.052143",20,-34.872273,-56.047017
1886,D_DU_RM_CL_110      ,D ,"-34.852668 -56.160563, -34.855766 -56.153023, -34.856617 -56.153148, -34.857738 -56.150388, -34.850917 -56.148401, -34.846535 -56.155558, -34.851316 -56.159505, -34.852668 -56.160563",8,-34.853028,-56.155144
1888,D_DU_RM_CL_109      ,D ,"-34.856740 -56.163934, -34.856740 -56.163934, -34.859023 -56.159809, -34.861125 -56.157346, -34.861248 -56.156540, -34.861767 -56.155756, -34.861881 -56.155217, -34.861951 -56.154622, -34.861789 -56.153592, -34.861531 -56.153001, -34.861004 -56.152342, -34.860333 -56.151646, -34.860439 -56.151121, -34.857738 -56.150388, -34.856617 -56.153148, -34.855766 -56.153023, -34.852668 -56.160563, -34.856740 -56.163934",18,-34.859172,-56.156106
1986,D_DU_RM_CL_121      ,D ,"-34.778710 -56.137275, -34.778383 -56.134574, -34.775726 -56.131844, -34.773287 -56.132255, -34.773788 -56.134647, -34.773706 -56.136758, -34.772840 -56.136608, -34.772817 -56.137128, -34.776246 -56.137972, -34.777368 -56.137800, -34.777721 -56.141218, -34.779109 -56.141029, -34.778710 -56.137275",13,-34.776032,-56.136645
2007,D_DU_RM_CL_112      ,D ,"-34.847242 -56.188731, -34.846527 -56.187598, -34.845957 -56.186844, -34.845069 -56.186071, -34.844739 -56.185920, -34.844430 -56.186033, -34.844194 -56.186279, -34.843683 -56.186307, -34.843683 -56.186307, -34.842141 -56.185774, -34.842147 -56.185776, -34.844071 -56.182182, -34.845645 -56.183913, -34.849671 -56.178540, -34.847771 -56.176079, -34.843469 -56.173506, -34.844346 -56.169292, -34.848140 -56.169695, -34.849025 -56.169937, -34.848950 -56.170284, -34.851616 -56.171108, -34.855678 -56.173817, -34.857751 -56.176086, -34.850055 -56.185613, -34.848403 -56.187633, -34.847242 -56.188731",26,-34.846986,-56.181079
2009,D_DU_RM_CL_114      ,D ,"-34.835332 -56.164330, -34.838086 -56.163181, -34.838086 -56.163181, -34.844549 -56.153935, -34.836609 -56.147418, -34.832814 -56.144302, -34.834360 -56.159005, -34.834790 -56.159235, -34.835332 -56.164330",9,-34.836662,-56.157658
2031,D_DU_RM_CL_116      ,D ,"-34.834360 -56.159005, -34.832814 -56.144302, -34.829929 -56.141952, -34.828971 -56.141151, -34.828867 -56.140957, -34.827132 -56.140965, -34.828243 -56.150793, -34.825038 -56.151324, -34.825993 -56.159496, -34.825702 -56.160044, -34.825390 -56.160135, -34.825804 -56.163301, -34.826576 -56.163279, -34.829566 -56.162978, -34.830187 -56.161534, -34.831706 -56.161220, -34.831505 -56.159594, -34.834360 -56.159005",18,-34.829008,-56.154502
2046,G_DU_RM_CL_107      ,G ,"-34.843064 -56.221777, -34.834556 -56.221628, -34.831611 -56.226612, -34.828301 -56.232327, -34.827927 -56.234040, -34.827423 -56.240652, -34.827198 -56.242169, -34.826309 -56.244486, -34.826389 -56.246437, -34.826821 -56.248646, -34.827230 -56.249287, -34.827842 -56.249866, -34.828457 -56.249366, -34.828688 -56.248881, -34.829359 -56.249567, -34.845350 -56.222456, -34.843064 -56.221777",17,-34.831152,-56.238234
1706,A_DU_RM_CL_113      ,A ,"-34.856065 -56.250566, -34.856545 -56.255042, -34.859092 -56.255065, -34.858631 -56.251511, -34.864057 -56.252861, -34.863844 -56.253800, -34.863319 -56.254675, -34.862223 -56.255843, -34.861069 -56.256610, -34.859120 -56.257127, -34.858023 -56.257462, -34.857228 -56.257899, -34.855971 -56.259791, -34.855670 -56.260525, -34.853559 -56.265115, -34.852966 -56.266737, -34.852663 -56.268582, -34.852613 -56.270494, -34.852909 -56.271360, -34.853068 -56.272388, -34.867208 -56.269586, -34.867059 -56.268273, -34.865873 -56.259430, -34.866959 -56.256645, -34.866444 -56.253095, -34.868314 -56.253449, -34.867324 -56.246023, -34.866013 -56.247575, -34.865497 -56.247244, -34.864448 -56.246804, -34.864222 -56.246194, -34.863282 -56.245437, -34.862107 -56.247500, -34.862662 -56.248333, -34.863320 -56.247912, -34.862747 -56.250124, -34.858151 -56.248902, -34.856065 -56.250566",38,-34.860693,-56.255962
1746,A_DU_RM_CL_114      ,A ,"-34.865873 -56.259430, -34.867059 -56.268273, -34.871818 -56.267266, -34.871936 -56.267246, -34.872748 -56.267057, -34.872813 -56.267049, -34.876180 -56.266432, -34.875730 -56.263093, -34.874363 -56.252916, -34.874309 -56.252537, -34.872119 -56.252875, -34.868314 -56.253449, -34.866444 -56.253095, -34.866959 -56.256645, -34.865873 -56.259430",15,-34.870836,-56.260453
1812,E_DU_RM_CL_109      ,E ,"-34.883025 -56.083529, -34.883292 -56.084664, -34.883433 -56.090090, -34.884871 -56.095386, -34.885927 -56.100427, -34.890040 -56.097152, -34.890421 -56.097746, -34.896373 -56.095299, -34.896051 -56.094651, -34.895178 -56.091484, -34.895130 -56.090073, -34.895417 -56.088577, -34.895491 -56.087472, -34.895387 -56.086433, -34.890846 -56.086469, -34.890842 -56.085517, -34.887044 -56.085575, -34.885539 -56.082669, -34.883025 -56.083529",19,-34.88986,-56.089829
1813,E_DU_RM_CL_108      ,E ,"-34.888353 -56.109606, -34.889765 -56.109190, -34.891904 -56.108511, -34.893134 -56.108123, -34.894592 -56.107679, -34.895804 -56.107829, -34.895892 -56.106521, -34.895982 -56.105674, -34.896334 -56.104153, -34.896664 -56.103014, -34.897093 -56.101899, -34.897408 -56.101125, -34.897547 -56.100637, -34.897413 -56.099830, -34.897166 -56.099217, -34.897015 -56.098839, -34.896866 -56.098393, -34.896815 -56.097574, -34.896845 -56.097126, -34.896887 -56.096696, -34.896854 -56.096266, -34.896649 -56.095766, -34.896373 -56.095299, -34.890421 -56.097746, -34.890040 -56.097152, -34.885927 -56.100427, -34.885813 -56.103369, -34.885895 -56.105181, -34.886061 -56.106445, -34.886996 -56.110072, -34.888353 -56.109606",31,-34.893512,-56.102547
1847,D_DU_RM_CL_102      ,D ,"-34.870983 -56.151797, -34.876639 -56.147060, -34.876588 -56.146989, -34.878046 -56.145752, -34.877089 -56.144113, -34.875074 -56.140581, -34.872183 -56.142970, -34.868003 -56.146393, -34.870983 -56.151797",9,-34.873954,-56.146384
1848,D_DU_RM_CL_105      ,D ,"-34.872316 -56.157030, -34.871206 -56.155856, -34.871215 -56.152232, -34.870983 -56.151797, -34.868003 -56.146393, -34.864429 -56.149323, -34.863011 -56.150639, -34.863180 -56.150893, -34.863563 -56.151314, -34.864513 -56.153097, -34.865074 -56.154534, -34.865451 -56.154379, -34.869912 -56.160161, -34.869912 -56.160161, -34.872316 -56.157030",15,-34.867672,-56.153656
1849,D_DU_RM_CL_104      ,D ,"-34.864301 -56.149026, -34.864429 -56.149323, -34.868003 -56.146393, -34.872183 -56.142970, -34.869901 -56.139012, -34.869614 -56.138816, -34.868638 -56.139438, -34.867428 -56.139224, -34.865945 -56.138820, -34.864301 -56.149026",10,-34.867474,-56.143205
1967,G_DU_RM_CL_106      ,G ,"-34.849468 -56.209224, -34.849952 -56.208435, -34.848100 -56.206771, -34.848361 -56.206334, -34.847882 -56.205941, -34.847068 -56.207441, -34.845228 -56.203595, -34.841924 -56.209095, -34.839079 -56.213917, -34.834556 -56.221628, -34.843064 -56.221777, -34.845350 -56.222456, -34.845350 -56.222456, -34.851567 -56.211026, -34.849468 -56.209224",15,-34.845761,-56.211955
2026,D_DU_RM_CL_120      ,D ,"-34.821558 -56.177519, -34.821183 -56.171879, -34.821139 -56.171730, -34.820913 -56.169108, -34.820826 -56.168974, -34.819512 -56.160363, -34.819359 -56.160298, -34.819161 -56.159055, -34.819260 -56.158939, -34.818957 -56.157007, -34.818957 -56.157007, -34.818553 -56.157124, -34.818029 -56.157280, -34.818275 -56.158673, -34.813097 -56.160244, -34.812693 -56.156945, -34.810956 -56.143792, -34.808692 -56.139911, -34.808302 -56.137375, -34.804695 -56.136549, -34.807833 -56.160227, -34.798406 -56.163708, -34.799077 -56.168311, -34.801145 -56.167676, -34.800551 -56.163705, -34.803136 -56.162947, -34.803637 -56.168077, -34.809738 -56.166208, -34.808764 -56.157961, -34.812693 -56.156945, -34.813097 -56.160244, -34.818275 -56.158673, -34.818971 -56.162246, -34.817900 -56.162564, -34.818660 -56.168053, -34.814153 -56.167447, -34.814565 -56.171005, -34.818226 -56.174765, -34.817482 -56.176631, -34.819796 -56.176661, -34.819931 -56.175883, -34.821558 -56.177519",42,-34.814088,-56.162553
2027,D_DU_RM_CL_119      ,D ,"-34.818553 -56.157124, -34.817319 -56.147839, -34.818042 -56.147732, -34.816990 -56.139216, -34.808302 -56.137375, -34.808692 -56.139911, -34.810956 -56.143792, -34.812693 -56.156945, -34.813097 -56.160244, -34.818275 -56.158673, -34.818029 -56.157280, -34.818553 -56.157124",12,-34.814958,-56.150271
2028,D_DU_RM_CL_117      ,D ,"-34.825390 -56.160135, -34.822664 -56.160706, -34.821965 -56.155879, -34.821610 -56.155972, -34.821623 -56.156222, -34.818957 -56.157007, -34.819260 -56.158939, -34.819161 -56.159055, -34.819359 -56.160298, -34.819512 -56.160363, -34.820826 -56.168974, -34.820913 -56.169108, -34.821139 -56.171730, -34.821183 -56.171879, -34.821558 -56.177519, -34.827443 -56.183486, -34.827658 -56.182808, -34.828265 -56.182241, -34.828273 -56.181228, -34.830310 -56.181507, -34.830422 -56.179347, -34.830305 -56.177633, -34.830022 -56.177324, -34.829449 -56.167900, -34.827096 -56.168095, -34.826576 -56.163279, -34.825804 -56.163301, -34.825390 -56.160135",28,-34.824362,-56.168288
1528,A_DU_RM_CL_103      ,A ,"-34.871736 -56.242956, -34.874247 -56.241303, -34.876433 -56.238531, -34.872748 -56.234452, -34.868515 -56.239721, -34.867680 -56.240709, -34.867822 -56.240853, -34.867178 -56.241620, -34.869124 -56.244024, -34.870905 -56.242147, -34.871516 -56.242795, -34.871736 -56.242956",12,-34.870803,-56.241006
1546,A_DU_RM_CL_104      ,A ,"-34.868515 -56.239721, -34.872748 -56.234452, -34.871691 -56.233202, -34.871976 -56.232823, -34.871059 -56.229261, -34.870155 -56.227780, -34.869061 -56.226219, -34.868647 -56.225105, -34.868493 -56.223441, -34.868817 -56.221327, -34.868796 -56.220736, -34.868796 -56.220724, -34.868385 -56.221120, -34.867442 -56.219920, -34.859807 -56.229191, -34.868515 -56.239721",16,-34.868931,-56.227797
1646,A_DU_RM_CL_110      ,A ,"-34.840876 -56.242019, -34.847545 -56.247968, -34.849161 -56.245139, -34.852309 -56.247738, -34.853841 -56.244748, -34.852582 -56.243684, -34.854277 -56.240530, -34.852350 -56.238865, -34.852538 -56.238447, -34.849753 -56.236700, -34.848558 -56.235101, -34.845912 -56.232937, -34.840876 -56.242019",13,-34.849275,-56.241223
1850,D_DU_RM_CL_106      ,D ,"-34.863011 -56.150639, -34.864429 -56.149323, -34.864301 -56.149026, -34.865945 -56.138820, -34.865945 -56.138820, -34.866483 -56.135543, -34.865744 -56.135349, -34.865744 -56.135349, -34.865219 -56.136177, -34.863668 -56.138068, -34.861817 -56.140300, -34.859069 -56.143422, -34.858533 -56.143626, -34.860811 -56.147199, -34.859974 -56.147887, -34.860934 -56.149534, -34.861686 -56.148891, -34.861686 -56.148891, -34.863011 -56.150639",19,-34.863053,-56.143553
2006,D_DU_RM_CL_111      ,D ,"-34.857751 -56.176086, -34.863092 -56.169014, -34.856740 -56.163934, -34.852668 -56.160563, -34.851450 -56.159494, -34.849025 -56.169937, -34.848950 -56.170284, -34.851616 -56.171108, -34.855678 -56.173817, -34.857751 -56.176086",10,-34.854472,-56.169032
2008,D_DU_RM_CL_113      ,D ,"-34.851316 -56.159505, -34.846535 -56.155558, -34.844549 -56.153935, -34.838086 -56.163181, -34.835332 -56.164330, -34.835798 -56.168693, -34.836994 -56.168599, -34.837386 -56.170513, -34.838236 -56.170495, -34.843469 -56.173506, -34.844346 -56.169292, -34.848140 -56.169695, -34.849025 -56.169937, -34.851316 -56.159505",14,-34.842895,-56.165482
2029,D_DU_RM_CL_118      ,D ,"-34.818957 -56.157007, -34.818957 -56.157007, -34.821623 -56.156222, -34.821610 -56.155972, -34.821965 -56.155879, -34.822664 -56.160706, -34.825390 -56.160135, -34.825702 -56.160044, -34.825993 -56.159496, -34.825038 -56.151324, -34.828243 -56.150793, -34.827132 -56.140965, -34.826143 -56.140943, -34.824129 -56.140690, -34.816990 -56.139216, -34.818042 -56.147732, -34.817319 -56.147839, -34.818553 -56.157124, -34.818957 -56.157007",19,-34.822285,-56.152426
2030,D_DU_RM_CL_115      ,D ,"-34.833573 -56.171202, -34.837386 -56.170513, -34.836994 -56.168599, -34.835798 -56.168693, -34.835332 -56.164330, -34.834790 -56.159235, -34.834360 -56.159005, -34.831505 -56.159594, -34.831706 -56.161220, -34.830187 -56.161534, -34.829566 -56.162978, -34.830295 -56.165805, -34.831904 -56.165558, -34.832017 -56.167402, -34.829435 -56.167577, -34.830022 -56.177324, -34.830305 -56.177633, -34.830422 -56.179347, -34.830310 -56.181507, -34.834710 -56.181599, -34.833573 -56.171202",21,-34.83258,-56.16866
2411,CH_DU_RM_CL_108     ,CH,"-34.901212 -56.138473, -34.902472 -56.143410, -34.903409 -56.143108, -34.908518 -56.141422, -34.908518 -56.141422, -34.908620 -56.140331, -34.909498 -56.140562, -34.909914 -56.137245, -34.909623 -56.135657, -34.910359 -56.135405, -34.910273 -56.135041, -34.909519 -56.135300, -34.909123 -56.134235, -34.907152 -56.133559, -34.906602 -56.133399, -34.905216 -56.132844, -34.905202 -56.133182, -34.904826 -56.133263, -34.904108 -56.133095, -34.899861 -56.134618, -34.900689 -56.136810, -34.901212 -56.138473, -34.901212 -56.138473",23,-34.905962,-56.136927
2407,CH_DU_RM_CL_101     ,CH,"-34.921775 -56.151058, -34.921416 -56.151796, -34.922104 -56.152406, -34.922253 -56.153904, -34.921645 -56.155168, -34.921278 -56.155485, -34.919768 -56.156097, -34.919584 -56.156348, -34.919248 -56.156154, -34.918993 -56.156006, -34.916648 -56.158385, -34.918520 -56.161155, -34.917372 -56.162295, -34.917397 -56.162492, -34.921718 -56.162009, -34.928931 -56.161240, -34.928981 -56.160948, -34.928936 -56.160661, -34.928639 -56.160231, -34.927795 -56.159319, -34.921775 -56.151058",21,-34.922132,-56.157344
2446,A_DU_RM_CL_204      ,A ,"-34.877607 -56.252347, -34.879352 -56.265747, -34.882823 -56.265091, -34.880940 -56.251644, -34.877607 -56.252347",5,-34.879666,-56.257435
1566,A_DU_RM_CL_106      ,A ,"-34.861863 -56.212707, -34.861036 -56.214088, -34.859501 -56.216156, -34.859501 -56.216156, -34.858299 -56.217680, -34.856174 -56.220308, -34.856174 -56.220308, -34.854361 -56.221985, -34.855075 -56.222607, -34.858770 -56.227106, -34.858446 -56.227742, -34.859009 -56.228325, -34.859807 -56.229191, -34.867442 -56.219920, -34.866498 -56.218738, -34.867631 -56.217621, -34.866442 -56.216581, -34.865598 -56.216335, -34.864875 -56.216495, -34.864371 -56.216478, -34.863951 -56.216137, -34.863134 -56.215135, -34.862466 -56.213693, -34.861863 -56.212707",24,-34.861345,-56.218925
1568,A_DU_RM_CL_108      ,A ,"-34.845350 -56.222456, -34.850290 -56.223776, -34.851677 -56.224213, -34.854361 -56.221985, -34.854361 -56.221985, -34.856174 -56.220308, -34.856174 -56.220308, -34.858299 -56.217680, -34.859501 -56.216156, -34.859501 -56.216156, -34.861036 -56.214088, -34.855815 -56.211630, -34.853444 -56.208532, -34.853174 -56.208180, -34.851567 -56.211026, -34.845350 -56.222456",16,-34.85413,-56.217558
1626,A_DU_RM_CL_111      ,A ,"-34.838474 -56.263815, -34.839038 -56.261741, -34.839954 -56.260337, -34.839777 -56.260142, -34.842414 -56.256244, -34.842662 -56.256255, -34.844143 -56.254036, -34.844434 -56.253539, -34.844432 -56.253558, -34.846527 -56.249984, -34.846506 -56.249935, -34.846486 -56.250034, -34.846469 -56.249944, -34.847545 -56.247968, -34.840876 -56.242019, -34.839896 -56.243718, -34.840049 -56.245041, -34.839908 -56.245314, -34.839058 -56.245439, -34.838298 -56.246722, -34.836531 -56.245155, -34.832057 -56.252720, -34.833487 -56.253194, -34.833069 -56.253947, -34.831458 -56.255160, -34.832218 -56.256665, -34.832581 -56.257383, -34.835837 -56.260765, -34.836379 -56.261556, -34.838474 -56.263815",30,-34.839635,-56.253205
1811,E_DU_RM_CL_105      ,E ,"-34.888103 -56.124063, -34.889877 -56.122925, -34.890009 -56.123123, -34.890852 -56.122548, -34.890740 -56.122352, -34.893913 -56.120232, -34.893625 -56.119588, -34.894837 -56.118944, -34.896108 -56.118072, -34.896302 -56.118436, -34.897190 -56.117781, -34.897079 -56.117315, -34.897010 -56.116616, -34.897026 -56.116124, -34.897209 -56.114970, -34.897220 -56.114573, -34.897190 -56.114202, -34.897003 -56.113558, -34.896552 -56.112454, -34.896242 -56.111352, -34.895959 -56.110249, -34.895855 -56.109281, -34.895804 -56.107829, -34.894592 -56.107679, -34.893134 -56.108123, -34.891904 -56.108511, -34.889765 -56.109190, -34.889765 -56.109190, -34.888353 -56.109606, -34.886996 -56.110072, -34.887329 -56.112645, -34.886975 -56.123692, -34.888103 -56.124063",33,-34.893292,-56.115435
1815,E_DU_RM_CL_111      ,E ,"-34.869897 -56.080575, -34.876173 -56.081873, -34.877597 -56.082682, -34.877037 -56.083662, -34.879224 -56.085611, -34.880640 -56.084269, -34.881710 -56.083691, -34.883025 -56.083529, -34.883025 -56.083529, -34.881175 -56.078256, -34.878519 -56.070485, -34.878269 -56.069293, -34.877707 -56.062780, -34.877351 -56.058050, -34.876025 -56.058229, -34.876001 -56.057847, -34.871489 -56.058339, -34.869600 -56.059115, -34.867101 -56.060531, -34.869307 -56.067356, -34.870266 -56.070318, -34.869897 -56.080575",22,-34.875956,-56.072754
1567,A_DU_RM_CL_107      ,A ,"-34.845553 -56.232647, -34.845912 -56.232937, -34.848558 -56.235101, -34.849753 -56.236700, -34.852538 -56.238447, -34.854922 -56.234118, -34.859009 -56.228325, -34.858446 -56.227742, -34.858770 -56.227106, -34.855075 -56.222607, -34.854361 -56.221985, -34.851677 -56.224213, -34.850290 -56.223776, -34.845553 -56.232647",14,-34.852173,-56.229882
1666,A_DU_RM_CL_109      ,A ,"-34.845350 -56.222456, -34.845350 -56.222456, -34.829359 -56.249567, -34.832057 -56.252720, -34.836531 -56.245155, -34.838298 -56.246722, -34.839058 -56.245439, -34.839908 -56.245314, -34.840049 -56.245041, -34.839896 -56.243718, -34.840876 -56.242019, -34.845912 -56.232937, -34.845553 -56.232647, -34.850290 -56.223776, -34.845350 -56.222456",15,-34.840922,-56.238162
1786,E_DU_RM_CL_136      ,E ,"-34.878121 -56.119465, -34.881433 -56.120362, -34.881677 -56.118876, -34.882129 -56.115642, -34.881344 -56.112201, -34.881008 -56.111504, -34.878071 -56.111129, -34.876182 -56.112039, -34.871240 -56.115947, -34.871617 -56.117494, -34.872209 -56.120847, -34.872619 -56.122575, -34.873197 -56.122428, -34.876980 -56.122296, -34.877647 -56.122534, -34.878121 -56.119465",16,-34.8771,-56.1178
1787,E_DU_RM_CL_106      ,E ,"-34.882228 -56.125045, -34.886914 -56.125574, -34.886975 -56.123692, -34.887329 -56.112645, -34.886996 -56.110072, -34.886062 -56.106446, -34.885895 -56.105181, -34.885813 -56.103369, -34.884328 -56.103344, -34.884355 -56.105351, -34.883623 -56.105728, -34.882796 -56.106444, -34.882252 -56.107677, -34.882219 -56.108394, -34.882306 -56.109041, -34.883461 -56.112137, -34.884418 -56.114445, -34.884293 -56.117712, -34.883984 -56.119959, -34.883691 -56.121012, -34.883398 -56.122787, -34.882228 -56.125045",22,-34.884344,-56.113232
2066,G_DU_RM_CL_116      ,G ,"-34.813238 -56.210012, -34.817522 -56.212814, -34.819959 -56.208422, -34.819912 -56.207979, -34.820375 -56.207008, -34.820777 -56.206940, -34.824544 -56.200367, -34.824260 -56.200348, -34.825049 -56.198975, -34.824725 -56.197888, -34.820593 -56.194558, -34.819718 -56.196043, -34.819048 -56.195441, -34.818276 -56.196830, -34.816403 -56.195420, -34.813757 -56.200248, -34.813007 -56.199640, -34.812053 -56.201562, -34.812765 -56.202271, -34.809331 -56.208370, -34.813238 -56.210012",21,-34.818026,-56.202436
2146,C_DU_RM_CL_101      ,C ,"-34.884050 -56.193783, -34.884225 -56.196665, -34.885317 -56.196015, -34.891549 -56.195383, -34.891004 -56.188242, -34.890082 -56.187806, -34.890778 -56.185759, -34.890921 -56.184479, -34.890300 -56.181947, -34.889393 -56.181757, -34.889393 -56.181757, -34.888208 -56.184924, -34.885368 -56.183294, -34.885051 -56.184093, -34.883374 -56.186621, -34.882990 -56.186735, -34.881644 -56.187501, -34.881353 -56.187553, -34.881196 -56.187582, -34.884013 -56.193760, -34.884050 -56.193783",21,-34.886393,-56.188068
2147,C_DU_RM_CL_102      ,C ,"-34.888208 -56.184924, -34.889393 -56.181757, -34.889375 -56.181590, -34.888704 -56.174704, -34.882315 -56.175613, -34.882515 -56.177965, -34.883071 -56.178251, -34.881548 -56.182131, -34.880003 -56.186284, -34.878722 -56.186277, -34.878627 -56.186734, -34.877846 -56.186658, -34.877780 -56.186385, -34.877404 -56.186375, -34.877605 -56.187067, -34.877710 -56.187377, -34.878788 -56.187739, -34.879027 -56.187224, -34.880617 -56.187520, -34.881196 -56.187582, -34.881535 -56.187520, -34.881644 -56.187501, -34.881867 -56.187374, -34.882144 -56.187217, -34.882988 -56.186737, -34.883374 -56.186621, -34.885051 -56.184093, -34.885368 -56.183294, -34.888208 -56.184924",29,-34.88216,-56.18467
2148,C_DU_RM_CL_103      ,C ,"-34.879473 -56.176098, -34.882315 -56.175613, -34.888704 -56.174704, -34.888515 -56.170821, -34.888005 -56.165717, -34.878341 -56.166759, -34.878014 -56.166790, -34.878154 -56.169338, -34.878998 -56.169248, -34.879473 -56.176098",10,-34.881999,-56.171119
2152,C_DU_RM_CL_107      ,C ,"-34.881548 -56.182131, -34.876352 -56.179537, -34.874218 -56.177787, -34.874100 -56.173528, -34.870165 -56.173732, -34.870822 -56.182230, -34.872811 -56.183026, -34.875504 -56.185208, -34.876366 -56.185673, -34.876316 -56.187471, -34.877605 -56.187067, -34.877404 -56.186375, -34.877780 -56.186385, -34.877846 -56.186658, -34.878627 -56.186734, -34.878722 -56.186277, -34.880003 -56.186284, -34.881548 -56.182131",18,-34.876541,-56.183235
2154,C_DU_RM_CL_109      ,C ,"-34.874997 -56.210875, -34.875313 -56.210921, -34.875471 -56.210619, -34.875913 -56.209770, -34.877477 -56.207182, -34.879134 -56.204609, -34.879992 -56.203278, -34.881382 -56.201126, -34.882351 -56.200096, -34.882654 -56.199775, -34.882511 -56.197959, -34.884225 -56.196665, -34.884050 -56.193783, -34.882233 -56.194970, -34.879349 -56.196032, -34.877869 -56.194285, -34.877650 -56.193034, -34.873448 -56.193493, -34.871650 -56.193655, -34.871752 -56.195365, -34.872205 -56.202232, -34.872745 -56.204270, -34.874180 -56.209081, -34.874522 -56.210123, -34.874997 -56.210875",25,-34.877523,-56.201763
2235,F_DU_RM_CL_110      ,F ,"-34.839784 -56.129249, -34.840042 -56.129297, -34.841904 -56.124787, -34.841648 -56.124389, -34.842032 -56.121832, -34.842158 -56.120406, -34.842378 -56.119779, -34.844035 -56.114110, -34.841165 -56.112843, -34.839725 -56.113923, -34.838225 -56.118782, -34.837005 -56.116662, -34.838299 -56.112327, -34.837984 -56.109844, -34.836928 -56.109429, -34.836261 -56.108212, -34.835639 -56.107208, -34.834537 -56.106475, -34.833787 -56.105898, -34.831960 -56.107386, -34.830988 -56.110303, -34.831383 -56.110650, -34.834276 -56.112260, -34.835432 -56.114185, -34.831241 -56.117798, -34.830243 -56.118286, -34.830538 -56.123147, -34.830745 -56.124362, -34.832521 -56.125270, -34.834472 -56.127034, -34.834333 -56.127455, -34.836067 -56.128620, -34.837682 -56.129382, -34.838083 -56.129586, -34.838737 -56.129334, -34.839292 -56.129209, -34.839784 -56.129249",37,-34.836792,-56.118891
2236,F_DU_RM_CL_101      ,F ,"-34.859231 -56.070280, -34.855621 -56.069827, -34.854874 -56.072059, -34.855396 -56.073742, -34.855585 -56.075130, -34.855981 -56.075856, -34.856721 -56.076126, -34.857654 -56.077145, -34.857929 -56.078645, -34.858605 -56.079410, -34.859723 -56.078048, -34.863511 -56.079569, -34.863848 -56.075986, -34.869465 -56.076818, -34.869322 -56.080846, -34.871513 -56.093464, -34.867168 -56.091985, -34.866247 -56.095866, -34.867403 -56.096273, -34.866555 -56.100830, -34.868744 -56.101822, -34.868300 -56.103845, -34.870555 -56.104948, -34.869549 -56.108025, -34.864834 -56.106029, -34.864127 -56.108474, -34.864663 -56.110858, -34.861786 -56.111948, -34.862008 -56.112931, -34.864613 -56.116873, -34.870295 -56.111395, -34.869916 -56.108465, -34.869894 -56.108129, -34.869970 -56.107602, -34.870132 -56.107121, -34.870872 -56.104775, -34.871626 -56.102886, -34.872186 -56.099531, -34.872313 -56.098508, -34.872343 -56.097481, -34.872389 -56.094383, -34.869897 -56.080575, -34.870266 -56.070318, -34.869307 -56.067356, -34.859258 -56.066007, -34.859231 -56.070280",46,-34.865248,-56.091271
2237,F_DU_RM_CL_102      ,F ,"-34.864613 -56.116873, -34.862008 -56.112931, -34.861786 -56.111948, -34.859602 -56.112640, -34.860029 -56.113564, -34.858262 -56.115248, -34.860398 -56.117159, -34.862744 -56.123015, -34.865243 -56.121346, -34.865379 -56.122847, -34.866768 -56.126982, -34.866609 -56.128065, -34.869719 -56.128928, -34.870169 -56.129934, -34.871408 -56.128202, -34.873172 -56.130036, -34.873480 -56.129616, -34.873356 -56.125891, -34.872619 -56.122575, -34.872209 -56.120847, -34.871617 -56.117494, -34.871240 -56.115947, -34.871034 -56.115320, -34.870453 -56.112775, -34.870295 -56.111395, -34.864613 -56.116873",26,-34.867263,-56.120325
2126,G_DU_RM_CL_111      ,G ,"-34.801243 -56.239995, -34.801526 -56.241188, -34.801209 -56.241772, -34.801455 -56.242104, -34.788684 -56.256810, -34.786711 -56.261416, -34.792160 -56.259109, -34.794475 -56.259022, -34.797854 -56.261426, -34.800133 -56.256559, -34.807117 -56.253821, -34.810508 -56.246312, -34.808836 -56.245164, -34.810583 -56.240938, -34.807278 -56.238840, -34.805018 -56.239059, -34.805202 -56.238059, -34.804117 -56.238083, -34.803093 -56.237881, -34.802283 -56.238590, -34.801442 -56.238469, -34.801243 -56.239995",22,-34.801462,-56.246119
2127,G_DU_RM_CL_110      ,G ,"-34.820463 -56.220066, -34.819954 -56.220091, -34.813111 -56.220498, -34.811859 -56.220628, -34.811439 -56.221391, -34.812054 -56.221982, -34.809664 -56.226072, -34.808628 -56.231379, -34.808172 -56.231175, -34.807595 -56.234801, -34.807349 -56.235413, -34.806700 -56.236228, -34.807222 -56.237104, -34.807483 -56.236847, -34.808874 -56.237833, -34.811912 -56.235807, -34.815309 -56.232353, -34.813757 -56.230922, -34.820463 -56.220066",19,-34.811685,-56.228982
2187,C_DU_RM_CL_110      ,C ,"-34.863092 -56.169014, -34.857751 -56.176086, -34.860544 -56.177714, -34.862947 -56.179051, -34.863683 -56.177227, -34.864973 -56.175017, -34.866296 -56.176471, -34.869082 -56.173670, -34.869583 -56.174097, -34.870165 -56.173732, -34.869832 -56.167216, -34.869541 -56.166706, -34.868038 -56.162597, -34.867003 -56.163941, -34.863092 -56.169014",15,-34.865708,-56.172104
2190,C_DU_RM_CL_115      ,C ,"-34.862202 -56.211701, -34.862118 -56.212198, -34.862981 -56.211090, -34.865561 -56.209012, -34.866242 -56.208299, -34.868236 -56.206115, -34.870250 -56.204018, -34.871307 -56.202990, -34.872205 -56.202232, -34.871752 -56.195365, -34.867444 -56.194604, -34.866546 -56.196179, -34.865480 -56.198168, -34.865301 -56.198597, -34.864374 -56.201550, -34.863502 -56.203765, -34.863502 -56.203765, -34.863183 -56.204838, -34.862745 -56.208226, -34.862202 -56.211701",20,-34.865857,-56.204221
2191,C_DU_RM_CL_114      ,C ,"-34.847242 -56.188731, -34.847482 -56.189083, -34.847430 -56.189438, -34.846583 -56.191153, -34.846496 -56.191862, -34.846522 -56.192381, -34.846538 -56.192615, -34.846761 -56.193189, -34.847184 -56.193695, -34.848671 -56.194744, -34.850299 -56.195171, -34.851069 -56.195607, -34.851567 -56.196245, -34.851791 -56.197018, -34.851944 -56.198058, -34.852206 -56.199075, -34.852447 -56.199471, -34.852942 -56.199777, -34.853839 -56.200167, -34.854389 -56.200361, -34.854629 -56.200802, -34.855149 -56.202104, -34.855516 -56.202367, -34.856047 -56.202605, -34.856177 -56.202825, -34.856553 -56.203118, -34.856888 -56.203205, -34.857523 -56.199153, -34.858046 -56.199287, -34.858474 -56.196626, -34.860843 -56.196835, -34.861332 -56.199502, -34.861296 -56.200785, -34.863183 -56.204838, -34.863502 -56.203765, -34.864374 -56.201550, -34.865301 -56.198597, -34.865480 -56.198168, -34.866546 -56.196179, -34.866357 -56.196118, -34.866330 -56.195983, -34.864670 -56.196060, -34.863591 -56.196191, -34.860965 -56.196506, -34.857955 -56.196347, -34.857481 -56.195962, -34.858171 -56.192941, -34.855971 -56.191361, -34.853764 -56.189203, -34.853403 -56.188306, -34.853390 -56.188050, -34.851369 -56.187211, -34.850055 -56.185613, -34.848403 -56.187633, -34.847242 -56.188731",55,-34.855261,-56.196043
2238,F_DU_RM_CL_103      ,F ,"-34.873480 -56.129616, -34.873172 -56.130036, -34.871408 -56.128202, -34.870169 -56.129933, -34.869719 -56.128928, -34.866609 -56.128065, -34.866768 -56.126982, -34.865379 -56.122847, -34.865243 -56.121346, -34.862744 -56.123015, -34.858570 -56.133678, -34.861797 -56.133856, -34.860346 -56.136831, -34.863668 -56.138068, -34.865219 -56.136177, -34.865744 -56.135349, -34.865957 -56.134107, -34.871443 -56.135252, -34.873582 -56.132194, -34.873480 -56.129616",20,-34.867225,-56.130705
2347,G_DU_RM_CL_112      ,G ,"-34.839135 -56.190947, -34.839578 -56.190196, -34.837945 -56.188865, -34.836012 -56.191941, -34.836296 -56.192219, -34.836623 -56.191741, -34.840732 -56.195731, -34.841934 -56.193657, -34.839135 -56.190947",9,-34.838599,-56.191805
2414,CH_DU_RM_CL_106     ,CH,"-34.903185 -56.156046, -34.907014 -56.154371, -34.906832 -56.151806, -34.907255 -56.151367, -34.906787 -56.150317, -34.906890 -56.150194, -34.906863 -56.149568, -34.906855 -56.149388, -34.905289 -56.147379, -34.907983 -56.144779, -34.908518 -56.141422, -34.902472 -56.143410, -34.902710 -56.144845, -34.902782 -56.145717, -34.902983 -56.148695, -34.903063 -56.151866, -34.903185 -56.156046",17,-34.905333,-56.149248
2416,CH_DU_RM_CL_103     ,CH,"-34.919584 -56.156348, -34.919768 -56.156097, -34.921278 -56.155485, -34.921645 -56.155168, -34.922253 -56.153904, -34.922104 -56.152406, -34.921416 -56.151796, -34.921775 -56.151058, -34.920676 -56.149578, -34.918591 -56.149012, -34.916405 -56.149325, -34.915401 -56.153933, -34.918993 -56.156006, -34.919248 -56.156154, -34.919584 -56.156348",15,-34.919915,-56.153508
2417,B_DU_RM_CL_103      ,B ,"-34.921718 -56.162009, -34.917397 -56.162492, -34.913625 -56.162913, -34.913637 -56.163096, -34.914017 -56.163661, -34.914183 -56.165850, -34.917270 -56.165954, -34.919922 -56.165823, -34.921718 -56.162009",9,-34.917054,-56.163756
2421,CH_DU_RM_CL_123     ,CH,"-34.914585 -56.148283, -34.914627 -56.148227, -34.913467 -56.147075, -34.913455 -56.147087, -34.914585 -56.148283",5,-34.914144,-56.147791
2437,B_DU_RM_CL_05       ,B ,"-34.904688 -56.183138, -34.905487 -56.185295, -34.905632 -56.186950, -34.906742 -56.186831, -34.906633 -56.184985, -34.915490 -56.183698, -34.915083 -56.182223, -34.914751 -56.180482, -34.914495 -56.178549, -34.914347 -56.176493, -34.914347 -56.174383, -34.914374 -56.173926, -34.909979 -56.174567, -34.907204 -56.174797, -34.906041 -56.174899, -34.905842 -56.175814, -34.902514 -56.177584, -34.904688 -56.183138",18,-34.909352,-56.179875
2129,G_DU_RM_CL_112      ,G ,"-34.786711 -56.261416, -34.788684 -56.256810, -34.801455 -56.242104, -34.801209 -56.241772, -34.801526 -56.241188, -34.801243 -56.239995, -34.801442 -56.238469, -34.802283 -56.238590, -34.803535 -56.237901, -34.803093 -56.237881, -34.804117 -56.238083, -34.804543 -56.238079, -34.805202 -56.238059, -34.807222 -56.237104, -34.806700 -56.236228, -34.807349 -56.235413, -34.807595 -56.234801, -34.804179 -56.233831, -34.803785 -56.235891, -34.802158 -56.235434, -34.800708 -56.234036, -34.799204 -56.233600, -34.799072 -56.234171, -34.798403 -56.238560, -34.797657 -56.240039, -34.796392 -56.238528, -34.794852 -56.239385, -34.793657 -56.238265, -34.792539 -56.238645, -34.792097 -56.238485, -34.792194 -56.237681, -34.792846 -56.236112, -34.792454 -56.235995, -34.791407 -56.238142, -34.791421 -56.238942, -34.791588 -56.239621, -34.791411 -56.240192, -34.791815 -56.241263, -34.791785 -56.242206, -34.787562 -56.246718, -34.784977 -56.244066, -34.783900 -56.251333, -34.786120 -56.256444, -34.783592 -56.263110, -34.786711 -56.261416",45,-34.796631,-56.241022
2425,CH_DU_RM_CL_115     ,CH,"-34.893817 -56.135420, -34.895635 -56.134754, -34.895573 -56.134414, -34.899477 -56.133109, -34.899946 -56.128693, -34.897633 -56.124535, -34.897571 -56.124595, -34.895199 -56.127109, -34.893026 -56.129836, -34.893817 -56.135420",10,-34.896169,-56.130788
2429,CH_DU_RM_CL_111     ,CH,"-34.897802 -56.157919, -34.898692 -56.158435, -34.902833 -56.161369, -34.902999 -56.160374, -34.903094 -56.159249, -34.903760 -56.159411, -34.903734 -56.157489, -34.903150 -56.157346, -34.903185 -56.156046, -34.903063 -56.151866, -34.898457 -56.152657, -34.898753 -56.156145, -34.898733 -56.156539, -34.898097 -56.157429, -34.897802 -56.157919",15,-34.900943,-56.157346
2443,A_DU_RM_CL_203      ,A ,"-34.882823 -56.265091, -34.884710 -56.264749, -34.886931 -56.264340, -34.890388 -56.263608, -34.889808 -56.262573, -34.887728 -56.262993, -34.887456 -56.260987, -34.886378 -56.260332, -34.886378 -56.260332, -34.884990 -56.260590, -34.884440 -56.256363, -34.886864 -56.255788, -34.886733 -56.254875, -34.885398 -56.255187, -34.884976 -56.252000, -34.884819 -56.250833, -34.880940 -56.251644, -34.882823 -56.265091",18,-34.88581,-56.259299
2447,A_DU_RM_CL_205      ,A ,"-34.876180 -56.266432, -34.879352 -56.265747, -34.877607 -56.252347, -34.874363 -56.252916, -34.875730 -56.263093, -34.876180 -56.266432",6,-34.876569,-56.261161
2153,C_DU_RM_CL_108      ,C ,"-34.871650 -56.193655, -34.873448 -56.193493, -34.877650 -56.193034, -34.877869 -56.194285, -34.879349 -56.196032, -34.882233 -56.194970, -34.884050 -56.193783, -34.884013 -56.193760, -34.882584 -56.190621, -34.881196 -56.187582, -34.880617 -56.187520, -34.879027 -56.187224, -34.878788 -56.187739, -34.877710 -56.187377, -34.877605 -56.187067, -34.876316 -56.187471, -34.876366 -56.185673, -34.875504 -56.185208, -34.872811 -56.183026, -34.870822 -56.182230, -34.871097 -56.186016, -34.871650 -56.193655",22,-34.87738,-56.18961
2239,F_DU_RM_CL_108      ,F ,"-34.835442 -56.139494, -34.835878 -56.140064, -34.837403 -56.139187, -34.841755 -56.136920, -34.843449 -56.136077, -34.845796 -56.135258, -34.846021 -56.135204, -34.846481 -56.134950, -34.848843 -56.133404, -34.850157 -56.133171, -34.849695 -56.131425, -34.849483 -56.131520, -34.848200 -56.126825, -34.845892 -56.126007, -34.845663 -56.125750, -34.844214 -56.125236, -34.847580 -56.114105, -34.846863 -56.113864, -34.847432 -56.111818, -34.846905 -56.111664, -34.847077 -56.111064, -34.842308 -56.108936, -34.841165 -56.112843, -34.844035 -56.114110, -34.842378 -56.119779, -34.842158 -56.120406, -34.842032 -56.121832, -34.841648 -56.124389, -34.841904 -56.124787, -34.840042 -56.129297, -34.835442 -56.139494",31,-34.843979,-56.126093
2346,G_DU_RM_CL_111      ,G ,"-34.840732 -56.195731, -34.836623 -56.191741, -34.836296 -56.192219, -34.836012 -56.191941, -34.834068 -56.189901, -34.835412 -56.187311, -34.836079 -56.185394, -34.835796 -56.185262, -34.836087 -56.184451, -34.836337 -56.184572, -34.836498 -56.184172, -34.837107 -56.182208, -34.836528 -56.181974, -34.834761 -56.186951, -34.833519 -56.189102, -34.833379 -56.189411, -34.836684 -56.192811, -34.841015 -56.197167, -34.841466 -56.196410, -34.840732 -56.195731",20,-34.836757,-56.189223
2367,G_DU_RM_CL_115      ,G ,"-34.836927 -56.185572, -34.839000 -56.186647, -34.838801 -56.187025, -34.839000 -56.186647, -34.839667 -56.185908, -34.836498 -56.184172, -34.836337 -56.184572, -34.836087 -56.184451, -34.835796 -56.185262, -34.836079 -56.185394, -34.835412 -56.187311, -34.836002 -56.187732, -34.836579 -56.185857, -34.836688 -56.185458, -34.836927 -56.185572",15,-34.837053,-56.185839
2366,G_DU_RM_CL_116      ,G ,"-34.836012 -56.191941, -34.836012 -56.191941, -34.837945 -56.188865, -34.839578 -56.190196, -34.839135 -56.190947, -34.841934 -56.193657, -34.843274 -56.191245, -34.838801 -56.187025, -34.839000 -56.186647, -34.836927 -56.185572, -34.836688 -56.185458, -34.836579 -56.185857, -34.836002 -56.187732, -34.835412 -56.187311, -34.834068 -56.189901, -34.836012 -56.191941",16,-34.837711,-56.18914
2386,G_DU_RM_CL_108      ,G ,"-34.837107 -56.182208, -34.836498 -56.184172, -34.839667 -56.185908, -34.839000 -56.186647, -34.838801 -56.187025, -34.843274 -56.191245, -34.844458 -56.189608, -34.844823 -56.189289, -34.845957 -56.186844, -34.845069 -56.186071, -34.844739 -56.185920, -34.844444 -56.186028, -34.844194 -56.186279, -34.843675 -56.186313, -34.843675 -56.186313, -34.842141 -56.185774, -34.841230 -56.184950, -34.839729 -56.182878, -34.839065 -56.183961, -34.837107 -56.182208, -34.837107 -56.182208",21,-34.841513,-56.185802
2408,CH_DU_RM_CL_102     ,CH,"-34.908362 -56.153802, -34.909211 -56.155618, -34.909953 -56.156829, -34.909901 -56.156981, -34.911254 -56.159212, -34.911928 -56.160298, -34.911082 -56.162912, -34.910987 -56.163199, -34.913625 -56.162913, -34.917397 -56.162492, -34.917372 -56.162295, -34.918520 -56.161155, -34.916648 -56.158385, -34.918993 -56.156006, -34.915401 -56.153933, -34.914620 -56.153520, -34.914064 -56.153499, -34.912408 -56.153596, -34.911783 -56.152797, -34.911558 -56.153089, -34.910721 -56.152221, -34.909209 -56.153418, -34.908362 -56.153802",23,-34.912755,-56.157042
2409,CH_DU_RM_CL_105     ,CH,"-34.907014 -56.154371, -34.903185 -56.156046, -34.903150 -56.157346, -34.903734 -56.157489, -34.903760 -56.159411, -34.903094 -56.159249, -34.902999 -56.160374, -34.902833 -56.161369, -34.902622 -56.162738, -34.902302 -56.164004, -34.904574 -56.163677, -34.905562 -56.163564, -34.911082 -56.162912, -34.911928 -56.160298, -34.911254 -56.159212, -34.909901 -56.156981, -34.909953 -56.156829, -34.909211 -56.155618, -34.908362 -56.153802, -34.907014 -56.154371",20,-34.906177,-56.158983
2410,CH_DU_RM_CL_109     ,CH,"-34.900481 -56.123283, -34.899724 -56.122356, -34.897633 -56.124535, -34.899946 -56.128693, -34.899477 -56.133109, -34.899483 -56.133599, -34.899861 -56.134618, -34.904108 -56.133095, -34.904826 -56.133263, -34.905202 -56.133182, -34.905216 -56.132844, -34.906602 -56.133399, -34.907152 -56.133559, -34.909123 -56.134235, -34.909519 -56.135300, -34.910273 -56.135041, -34.910359 -56.135405, -34.909623 -56.135657, -34.909914 -56.137245, -34.909498 -56.140562, -34.909239 -56.142725, -34.910482 -56.144660, -34.912918 -56.147389, -34.914235 -56.148739, -34.916405 -56.149325, -34.918591 -56.149012, -34.920676 -56.149578, -34.921775 -56.151058, -34.927795 -56.159319, -34.928639 -56.160231, -34.928936 -56.160661, -34.928981 -56.160948, -34.929292 -56.160901, -34.929307 -56.160710, -34.929226 -56.160235, -34.920960 -56.149164, -34.918622 -56.148376, -34.917560 -56.148716, -34.916462 -56.148783, -34.914585 -56.148283, -34.913455 -56.147087, -34.912477 -56.146129, -34.910753 -56.144252, -34.909736 -56.143129, -34.909603 -56.142302, -34.909846 -56.141673, -34.909889 -56.140763, -34.909970 -56.140136, -34.910207 -56.139756, -34.910698 -56.139210, -34.911096 -56.138554, -34.911282 -56.137780, -34.911048 -56.136744, -34.910967 -56.136299, -34.910930 -56.134987, -34.910647 -56.134080, -34.910389 -56.133534, -34.909766 -56.133317, -34.909456 -56.133492, -34.909139 -56.133614, -34.907135 -56.133102, -34.905582 -56.132585, -34.905095 -56.132664, -34.904560 -56.132204, -34.904241 -56.131547, -34.904170 -56.130711, -34.904384 -56.129642, -34.905001 -56.128530, -34.905313 -56.127533, -34.905355 -56.126661, -34.905146 -56.125670, -34.904777 -56.124818, -34.904168 -56.124212, -34.903493 -56.123965, -34.902175 -56.124023, -34.901376 -56.123934, -34.900481 -56.123283",77,-34.910344,-56.13836
2413,CH_DU_RM_CL_104     ,CH,"-34.915401 -56.153933, -34.916405 -56.149325, -34.914235 -56.148739, -34.912918 -56.147389, -34.909414 -56.150694, -34.908442 -56.149673, -34.907846 -56.149500, -34.907369 -56.149603, -34.906863 -56.149568, -34.906890 -56.150194, -34.906787 -56.150317, -34.907255 -56.151367, -34.906832 -56.151806, -34.907014 -56.154371, -34.908362 -56.153802, -34.909209 -56.153418, -34.910721 -56.152221, -34.911558 -56.153089, -34.911783 -56.152797, -34.912408 -56.153596, -34.914064 -56.153499, -34.914620 -56.153520, -34.915401 -56.153933",23,-34.910513,-56.151581
2130,G_DU_RM_CL_114      ,G ,"-34.791844 -56.223673, -34.784971 -56.223349, -34.784407 -56.224411, -34.789762 -56.224669, -34.785467 -56.233446, -34.787321 -56.234802, -34.787793 -56.233274, -34.792454 -56.235995, -34.793659 -56.233100, -34.792986 -56.232613, -34.795949 -56.224912, -34.798283 -56.224845, -34.799777 -56.220701, -34.800604 -56.220630, -34.801255 -56.218688, -34.801815 -56.217607, -34.800355 -56.216627, -34.798742 -56.220926, -34.792789 -56.221506, -34.791844 -56.223673",20,-34.793604,-56.225472
2240,F_DU_RM_CL_109      ,F ,"-34.836609 -56.147418, -34.835878 -56.140064, -34.835442 -56.139494, -34.840042 -56.129297, -34.839784 -56.129249, -34.839292 -56.129209, -34.838737 -56.129334, -34.838083 -56.129586, -34.837682 -56.129382, -34.836067 -56.128620, -34.834333 -56.127455, -34.834138 -56.127895, -34.833135 -56.127142, -34.832356 -56.126035, -34.831858 -56.125671, -34.830808 -56.125228, -34.829935 -56.124757, -34.829289 -56.123995, -34.827869 -56.124728, -34.828301 -56.126131, -34.828557 -56.127139, -34.828735 -56.128582, -34.828860 -56.130567, -34.828751 -56.130614, -34.828777 -56.130862, -34.828953 -56.130813, -34.830021 -56.139483, -34.829657 -56.139514, -34.829929 -56.141952, -34.832814 -56.144302, -34.836609 -56.147418",31,-34.832945,-56.131675
2426,CH_DU_RM_CL_119     ,CH,"-34.895031 -56.164953, -34.893990 -56.162657, -34.892035 -56.158786, -34.892120 -56.158511, -34.891436 -56.155565, -34.891051 -56.155612, -34.889396 -56.160094, -34.886162 -56.163734, -34.887934 -56.164724, -34.889462 -56.165554, -34.891692 -56.165335, -34.895031 -56.164953",12,-34.891278,-56.161706
2427,CH_DU_RM_CL_116     ,CH,"-34.888815 -56.147598, -34.890152 -56.150767, -34.892734 -56.149308, -34.894059 -56.149954, -34.895852 -56.147437, -34.896042 -56.146606, -34.896135 -56.145561, -34.895547 -56.143183, -34.888815 -56.147598",9,-34.893128,-56.147557
2436,B_DU_RM_CL_04       ,B ,"-34.900621 -56.178378, -34.902879 -56.184124, -34.904688 -56.183138, -34.902514 -56.177584, -34.898248 -56.166585, -34.895031 -56.164953, -34.891692 -56.165335, -34.891821 -56.166695, -34.892008 -56.166693, -34.892671 -56.175364, -34.893442 -56.177655, -34.895823 -56.181985, -34.896831 -56.180588, -34.900621 -56.178378",14,-34.897063,-56.174818
2086,G_DU_RM_CL_115      ,G ,"-34.812154 -56.212383, -34.813238 -56.210012, -34.809331 -56.208370, -34.806546 -56.208912, -34.802587 -56.215955, -34.801815 -56.217607, -34.801255 -56.218688, -34.800604 -56.220630, -34.799777 -56.220701, -34.798283 -56.224845, -34.798882 -56.225200, -34.801327 -56.225565, -34.803011 -56.223287, -34.806973 -56.221397, -34.811859 -56.220628, -34.813111 -56.220498, -34.816162 -56.215054, -34.812154 -56.212383",18,-34.806059,-56.217895
2106,G_DU_RM_CL_108      ,G ,"-34.818183 -56.235932, -34.819369 -56.237390, -34.821789 -56.240488, -34.824692 -56.246462, -34.825497 -56.246605, -34.826309 -56.244486, -34.827198 -56.242169, -34.827423 -56.240652, -34.827927 -56.234040, -34.828301 -56.232327, -34.831611 -56.226612, -34.834556 -56.221628, -34.831948 -56.221119, -34.827525 -56.220038, -34.827139 -56.219948, -34.824934 -56.223767, -34.825623 -56.224248, -34.822554 -56.229358, -34.822164 -56.229000, -34.818183 -56.235932",20,-34.825646,-56.23261
2128,G_DU_RM_CL_113      ,G ,"-34.811859 -56.220628, -34.806973 -56.221397, -34.803011 -56.223287, -34.801327 -56.225565, -34.798882 -56.225200, -34.798283 -56.224845, -34.795949 -56.224912, -34.792986 -56.232613, -34.793659 -56.233100, -34.795407 -56.234452, -34.796205 -56.233128, -34.799072 -56.234171, -34.799204 -56.233600, -34.800708 -56.234036, -34.802158 -56.235434, -34.803785 -56.235891, -34.804179 -56.233831, -34.804870 -56.230209, -34.808172 -56.231175, -34.808628 -56.231379, -34.809664 -56.226072, -34.812054 -56.221982, -34.811439 -56.221391, -34.811859 -56.220628",24,-34.802931,-56.228705
2149,C_DU_RM_CL_104      ,C ,"-34.886162 -56.163734, -34.885396 -56.163196, -34.882378 -56.159542, -34.881311 -56.158235, -34.879305 -56.155247, -34.876676 -56.151309, -34.872316 -56.157030, -34.874370 -56.158999, -34.878581 -56.162549, -34.879284 -56.161357, -34.880731 -56.163265, -34.879698 -56.164447, -34.878202 -56.164631, -34.878341 -56.166759, -34.888005 -56.165717, -34.887934 -56.164724, -34.886162 -56.163734",17,-34.880874,-56.16144
2151,C_DU_RM_CL_106      ,C ,"-34.873840 -56.167244, -34.874100 -56.173528, -34.874218 -56.177787, -34.876352 -56.179537, -34.881548 -56.182131, -34.883071 -56.178251, -34.882515 -56.177965, -34.882315 -56.175613, -34.879473 -56.176098, -34.878998 -56.169248, -34.878154 -56.169338, -34.878014 -56.166790, -34.873840 -56.167244",13,-34.878188,-56.173906
2186,C_DU_RM_CL_111      ,C ,"-34.869082 -56.173670, -34.866296 -56.176471, -34.864973 -56.175017, -34.863683 -56.177227, -34.862927 -56.179097, -34.862872 -56.179768, -34.863159 -56.181040, -34.862449 -56.183378, -34.861063 -56.186328, -34.860663 -56.187086, -34.863846 -56.188286, -34.864277 -56.187146, -34.864416 -56.186778, -34.867363 -56.186518, -34.871097 -56.186016, -34.870822 -56.182230, -34.870165 -56.173732, -34.869583 -56.174097, -34.869082 -56.173670",19,-34.865674,-56.180924
2188,C_DU_RM_CL_113      ,C ,"-34.857751 -56.176086, -34.850055 -56.185613, -34.851369 -56.187211, -34.853390 -56.188050, -34.853403 -56.188306, -34.853764 -56.189203, -34.855974 -56.191365, -34.858171 -56.192941, -34.859113 -56.190031, -34.860663 -56.187086, -34.861078 -56.186297, -34.862462 -56.183360, -34.863159 -56.181040, -34.862872 -56.179768, -34.862947 -56.179051, -34.860562 -56.177726, -34.857751 -56.176086",17,-34.857911,-56.18466
2206,B_DU_RM_CL_101      ,B ,"-34.891549 -56.195383, -34.892462 -56.195291, -34.898523 -56.194670, -34.898259 -56.191089, -34.898864 -56.191014, -34.899281 -56.191175, -34.899235 -56.190439, -34.899086 -56.187885, -34.898997 -56.187370, -34.898529 -56.186969, -34.895823 -56.181985, -34.893777 -56.183570, -34.893566 -56.183128, -34.890921 -56.184479, -34.890778 -56.185759, -34.892295 -56.186545, -34.892428 -56.186886, -34.891976 -56.188413, -34.891652 -56.188513, -34.891004 -56.188242, -34.891549 -56.195383",21,-34.894788,-56.188771
2228,F_DU_RM_CL_112      ,F ,"-34.820616 -56.132950, -34.820336 -56.132912, -34.819841 -56.128612, -34.819668 -56.128603, -34.818300 -56.128758, -34.817114 -56.129597, -34.815005 -56.130377, -34.815445 -56.131262, -34.815724 -56.133055, -34.814270 -56.133303, -34.814458 -56.134870, -34.810405 -56.131963, -34.807552 -56.129299, -34.810138 -56.127422, -34.807886 -56.122746, -34.805089 -56.124440, -34.803794 -56.127202, -34.804695 -56.136549, -34.808302 -56.137375, -34.816990 -56.139216, -34.821429 -56.140135, -34.820616 -56.132950",22,-34.813985,-56.131527
2229,F_DU_RM_CL_111      ,F ,"-34.829929 -56.141952, -34.829657 -56.139514, -34.830021 -56.139483, -34.828953 -56.130813, -34.828777 -56.130862, -34.828751 -56.130614, -34.828860 -56.130567, -34.828735 -56.128582, -34.828557 -56.127139, -34.828301 -56.126131, -34.827869 -56.124728, -34.825610 -56.125958, -34.824537 -56.126201, -34.824317 -56.125752, -34.823946 -56.125926, -34.823853 -56.126251, -34.821093 -56.127164, -34.819606 -56.127824, -34.819668 -56.128603, -34.819841 -56.128612, -34.820336 -56.132912, -34.820616 -56.132950, -34.821429 -56.140135, -34.824129 -56.140690, -34.826143 -56.140943, -34.827132 -56.140965, -34.828867 -56.140957, -34.828971 -56.141151, -34.829929 -56.141952",29,-34.825808,-56.132598
2231,F_DU_RM_CL_104      ,F ,"-34.846021 -56.135204, -34.846524 -56.136617, -34.846869 -56.137588, -34.852567 -56.142592, -34.853387 -56.144406, -34.855329 -56.144264, -34.858348 -56.143776, -34.858533 -56.143626, -34.859069 -56.143422, -34.861817 -56.140300, -34.863668 -56.138068, -34.860346 -56.136831, -34.861797 -56.133856, -34.858570 -56.133678, -34.857756 -56.133654, -34.857052 -56.133199, -34.855254 -56.131623, -34.854880 -56.132319, -34.850157 -56.133171, -34.848843 -56.133404, -34.846481 -56.134950, -34.846021 -56.135204",22,-34.854513,-56.137352
2107,G_DU_RM_CL_109      ,G ,"-34.820463 -56.220066, -34.813757 -56.230922, -34.815309 -56.232353, -34.818183 -56.235932, -34.822164 -56.229000, -34.822554 -56.229358, -34.825623 -56.224248, -34.824934 -56.223767, -34.827139 -56.219948, -34.827525 -56.220038, -34.826136 -56.219740, -34.820463 -56.220066",12,-34.822021,-56.225453
2150,C_DU_RM_CL_105      ,C ,"-34.872316 -56.157030, -34.869912 -56.160161, -34.868038 -56.162597, -34.869541 -56.166706, -34.869832 -56.167216, -34.870069 -56.171732, -34.870165 -56.173732, -34.874100 -56.173528, -34.873840 -56.167244, -34.878014 -56.166790, -34.878341 -56.166759, -34.878202 -56.164631, -34.879698 -56.164447, -34.880731 -56.163265, -34.879284 -56.161357, -34.878581 -56.162549, -34.874370 -56.158999, -34.872316 -56.157030",18,-34.874297,-56.164765
2166,C_DU_RM_CL_116      ,C ,"-34.865561 -56.209012, -34.862981 -56.211090, -34.862118 -56.212198, -34.861863 -56.212707, -34.862466 -56.213693, -34.863134 -56.215135, -34.863951 -56.216137, -34.864371 -56.216478, -34.864875 -56.216495, -34.865598 -56.216335, -34.866442 -56.216581, -34.867631 -56.217621, -34.868078 -56.217979, -34.868780 -56.219170, -34.870712 -56.216673, -34.871634 -56.217732, -34.872471 -56.216629, -34.873031 -56.217796, -34.874020 -56.213567, -34.874997 -56.210875, -34.874522 -56.210123, -34.874180 -56.209081, -34.872745 -56.204270, -34.872205 -56.202232, -34.871307 -56.202990, -34.870250 -56.204018, -34.868236 -56.206115, -34.866242 -56.208299, -34.865561 -56.209012",29,-34.868275,-56.212415
2189,C_DU_RM_CL_112      ,C ,"-34.859113 -56.190031, -34.858170 -56.192941, -34.857481 -56.195962, -34.857960 -56.196341, -34.860965 -56.196506, -34.863619 -56.196191, -34.864670 -56.196060, -34.866330 -56.195983, -34.866345 -56.196114, -34.866546 -56.196179, -34.867444 -56.194604, -34.871752 -56.195365, -34.871650 -56.193655, -34.871097 -56.186016, -34.867363 -56.186518, -34.864416 -56.186778, -34.863846 -56.188286, -34.860663 -56.187086, -34.859113 -56.190031",19,-34.864134,-56.192666
2207,B_DU_RM_CL_102      ,B ,"-34.890921 -56.184479, -34.893566 -56.183128, -34.893777 -56.183570, -34.895823 -56.181985, -34.893442 -56.177655, -34.892671 -56.175364, -34.892008 -56.166693, -34.891821 -56.166695, -34.891692 -56.165335, -34.889462 -56.165554, -34.887934 -56.164724, -34.888005 -56.165717, -34.888515 -56.170821, -34.888704 -56.174704, -34.889393 -56.181757, -34.890300 -56.181947, -34.890921 -56.184479",17,-34.891115,-56.174977
2226,F_DU_RM_CL_114      ,F ,"-34.824165 -56.111440, -34.822573 -56.108207, -34.823571 -56.107374, -34.823135 -56.106615, -34.824084 -56.105869, -34.824179 -56.106055, -34.826596 -56.104011, -34.828355 -56.102726, -34.829777 -56.102677, -34.827306 -56.098673, -34.835691 -56.087766, -34.834923 -56.086907, -34.826957 -56.098090, -34.823154 -56.098175, -34.821521 -56.095434, -34.819789 -56.096827, -34.821534 -56.099981, -34.819274 -56.098811, -34.818233 -56.100880, -34.817426 -56.102582, -34.817950 -56.103570, -34.816947 -56.104244, -34.818456 -56.107462, -34.821338 -56.113219, -34.821338 -56.113219, -34.824165 -56.111440",26,-34.823555,-56.102779
2227,F_DU_RM_CL_113      ,F ,"-34.835432 -56.114185, -34.834276 -56.112260, -34.831383 -56.110650, -34.830988 -56.110303, -34.831117 -56.109915, -34.829742 -56.109008, -34.827637 -56.106229, -34.826596 -56.104011, -34.824179 -56.106055, -34.824084 -56.105869, -34.823135 -56.106615, -34.823571 -56.107374, -34.822573 -56.108207, -34.824165 -56.111440, -34.821338 -56.113219, -34.825695 -56.122443, -34.828287 -56.120351, -34.829289 -56.123995, -34.829935 -56.124757, -34.830808 -56.125228, -34.831858 -56.125671, -34.832356 -56.126035, -34.833135 -56.127142, -34.834138 -56.127895, -34.834333 -56.127455, -34.834472 -56.127034, -34.832521 -56.125270, -34.830745 -56.124362, -34.830538 -56.123147, -34.830243 -56.118286, -34.831241 -56.117798, -34.835432 -56.114185",32,-34.829539,-56.116762
2230,F_DU_RM_CL_115      ,F ,"-34.816947 -56.104244, -34.817950 -56.103570, -34.817426 -56.102582, -34.818233 -56.100880, -34.815766 -56.098715, -34.810153 -56.088779, -34.809927 -56.087224, -34.803618 -56.075107, -34.793490 -56.083253, -34.796089 -56.088368, -34.793246 -56.092814, -34.796125 -56.098171, -34.797656 -56.095004, -34.800998 -56.087771, -34.801454 -56.087554, -34.805943 -56.090572, -34.807272 -56.091336, -34.810391 -56.094570, -34.813020 -56.096099, -34.816947 -56.104244",20,-34.807133,-56.093543
2232,F_DU_RM_CL_105      ,F ,"-34.839413 -56.149739, -34.844549 -56.153935, -34.846535 -56.155558, -34.850917 -56.148401, -34.853387 -56.144406, -34.852567 -56.142592, -34.846869 -56.137588, -34.846524 -56.136617, -34.844439 -56.139726, -34.840028 -56.146106, -34.839413 -56.149739",11,-34.845876,-56.145855
2233,F_DU_RM_CL_106      ,F ,"-34.855254 -56.131623, -34.857052 -56.133199, -34.857756 -56.133654, -34.858570 -56.133678, -34.862744 -56.123015, -34.860398 -56.117159, -34.858262 -56.115248, -34.860029 -56.113564, -34.859602 -56.112640, -34.857418 -56.113521, -34.855993 -56.112450, -34.854090 -56.112466, -34.852341 -56.117834, -34.853125 -56.118182, -34.852107 -56.121596, -34.852025 -56.121525, -34.850842 -56.124444, -34.856677 -56.127908, -34.855254 -56.131623",19,-34.856291,-56.121859
2234,F_DU_RM_CL_107      ,F ,"-34.854090 -56.112466, -34.851868 -56.112355, -34.850547 -56.111731, -34.850463 -56.112211, -34.847161 -56.110756, -34.846905 -56.111664, -34.847432 -56.111818, -34.846863 -56.113864, -34.847580 -56.114105, -34.844214 -56.125236, -34.845663 -56.125750, -34.845892 -56.126007, -34.848200 -56.126825, -34.849483 -56.131520, -34.849695 -56.131425, -34.850157 -56.133171, -34.854880 -56.132319, -34.855254 -56.131623, -34.856677 -56.127908, -34.850842 -56.124444, -34.852025 -56.121525, -34.852107 -56.121596, -34.853125 -56.118182, -34.852341 -56.117834, -34.854090 -56.112466",25,-34.850302,-56.120752
